Series Name,Series Code,Country Name,Country Code,1990 [YR1990],2000 [YR2000],2011 [YR2011],2012 [YR2012],2013 [YR2013],2014 [YR2014],2015 [YR2015],2016 [YR2016],2017 [YR2017],2018 [YR2018],2019 [YR2019],2020 [YR2020]
"GDP, PPP (current international $)",NY.GDP.MKTP.PP.CD,Afghanistan,AFG,..,..,51184181904.4289,59667003515.1962,65039839448.5561,69058343420.1602,71831696727.8086,70097956090.3269,74711922904.5459,77442045725.8579,82033979456.0881,..
"GDP, PPP (current international $)",NY.GDP.MKTP.PP.CD,Albania,ALB,8376888654.87776,11931318529.5855,29655456332.3237,30530546077.6886,30603925190.2399,32529279134.4629,33585730434.5025,34739850853.7913,36814039832.9076,40054771492.7815,41808952984.113,..
"GDP, PPP (current international $)",NY.GDP.MKTP.PP.CD,Algeria,DZA,178161127528.439,262200968979.673,494931021150.323,497330252318.817,497988213510.825,506135099313.805,477357304455.376,471383266569.55,485801959708.226,503607737913.103,517494624584.119,..
"GDP, PPP (current international $)",NY.GDP.MKTP.PP.CD,American Samoa,ASM,..,..,..,..,..,..,..,..,..,..,..,..
"GDP, PPP (current international $)",NY.GDP.MKTP.PP.CD,Andorra,AND,..,..,..,..,..,..,..,..,..,..,..,..
"GDP, PPP (current international $)",NY.GDP.MKTP.PP.CD,Angola,AGO,38878269805.9705,53931438613.5044,162538809184.169,186124220333.292,199865635605.063,220364785384.766,204603585194.557,204874680466.819,217987314775.762,218823435008.714,221679454297.145,..
"GDP, PPP (current international $)",NY.GDP.MKTP.PP.CD,Antigua and Barbuda,ATG,725018275.827323,1280195144.21219,1816047262.12083,1771798543.10742,1720170788.92087,1762288334.80494,1769549897.41954,1882863521.88954,1893259104.10692,2082683464.7716,2222037123.49811,..
"GDP, PPP (current international $)",NY.GDP.MKTP.PP.CD,Argentina,ARG,234713747903.378,428394155091.14,797263881242.037,819697901873.041,849616000404.317,839896688260.086,867176759338.262,885227528869.049,1039330591569.37,1037336718967.02,1035400864701.41,..
"GDP, PPP (current international $)",NY.GDP.MKTP.PP.CD,Armenia,ARM,9814665773.37277,8160045755.19553,23085520248.3701,27009096448.5442,28500152360.1441,29231468082.419,29166842740.5397,31429192104.4042,35676528915.4363,38445981547.5774,42171217644.7695,..
"GDP, PPP (current international $)",NY.GDP.MKTP.PP.CD,Aruba,ABW,1448632316.2699,2910162905.21825,3502845774.57458,3442855767.49202,3763011243.95947,3781966850.73614,3836108975.96603,3917952211.22873,4050523376.47918,..,..,..
"GDP, PPP (current international $)",NY.GDP.MKTP.PP.CD,Australia,AUS,295755679708.594,504134663847.445,937507114248.881,973601321979.203,1061628486313.88,1100545339758.17,1102402742501.65,1145196792620.93,1196465534857.54,1283872898972.17,1353982699741.71,..
"GDP, PPP (current international $)",NY.GDP.MKTP.PP.CD,Austria,AUT,149145342999.59,235450130397.497,373031463577.163,391635006784.26,406370494341.228,417059741085.658,430975998137.236,460282766423.271,478085670423.097,520271380624.119,536334728214.097,..
"GDP, PPP (current international $)",NY.GDP.MKTP.PP.CD,Azerbaijan,AZE,38372744919.1708,27708367369.9295,135803575412.212,148339507564.977,161864879226.656,166328757240.292,144145726475.687,140229738154.492,139152809949.428,144681286267.109,150763304910.39,..
"GDP, PPP (current international $)",NY.GDP.MKTP.PP.CD,"Bahamas, The",BHS,5508065649.8002,8355467688.70506,11334803747.5783,11713379202.2105,11702558408.5268,12287968303.4764,12507352353.2965,12907953054.1602,13856896226.2225,14623974434.4315,15089524205.6577,..
"GDP, PPP (current international $)",NY.GDP.MKTP.PP.CD,Bahrain,BHR,13328441546.2767,28034516576.0826,60555691596.7436,65875368137.9427,67716644746.8625,68275971746.1039,62523275420.368,63831285346.3079,71282082008.2729,74317830753.3293,77139267898.7839,..
"GDP, PPP (current international $)",NY.GDP.MKTP.PP.CD,Bangladesh,BGD,87748279414.5115,169982625550.404,391220073587.411,443598789939.633,480218563286.77,520423230999.264,555570050290.634,608047366029.664,664403662063.264,734108282366.193,809376043816.389,..
"GDP, PPP (current international $)",NY.GDP.MKTP.PP.CD,Barbados,BRB,2499682342.01921,3449580616.66959,4613928269.19212,4343448700.80602,4359599661.30851,4322360546.09697,4425610429.8278,4559037885.70882,4519281462.81962,4602505468.77043,4687373036.22517,..
"GDP, PPP (current international $)",NY.GDP.MKTP.PP.CD,Belarus,BLR,53309645724.2827,57965141852.5344,156715098657.899,171037674358.344,179366145726.605,179597949624.117,171204463522.202,168421837005.779,173630155305.786,183460945382.086,189309266271.823,..
"GDP, PPP (current international $)",NY.GDP.MKTP.PP.CD,Belgium,BEL,185820789376.227,284950368057.724,451932718764.387,469720618339.766,487343797679.386,503619406808.679,520878052195.13,550677647305.861,575544806089.258,620835125597.852,647109430311.199,..
"GDP, PPP (current international $)",NY.GDP.MKTP.PP.CD,Belize,BLZ,625475000.118996,1374697076.17719,2537811117.02841,2458230064.96457,2498480517.91407,2533821314.57158,2614739805.09176,2644913918.3395,2671291731.08143,2793252077.23765,2855288541.94045,..
"GDP, PPP (current international $)",NY.GDP.MKTP.PP.CD,Benin,BEN,6270776392.84452,12082144945.6595,22860459982.9645,24308499989.2082,26709146743.0221,29146860808.5474,30530995255.4114,32668486802.0226,34023063767.8921,37185986155.8095,40510770474.5397,..
"GDP, PPP (current international $)",NY.GDP.MKTP.PP.CD,Bermuda,BMU,2071022027.65476,3337937502.57638,4519405326.5993,4370872662.28833,4484628779.9265,4479895049.92416,4688793778.80788,4929475866.99318,5227044136.51153,5331201226.02012,5459724012.04265,..
"GDP, PPP (current international $)",NY.GDP.MKTP.PP.CD,Bhutan,BTN,800098724.265545,1593597378.64262,5058193225.03562,5551018263.98396,5674556893.9944,6231640988.1671,6915381146.16075,7703914681.55542,8307416844.22731,8769770677.28663,9428607226.70275,..
"GDP, PPP (current international $)",NY.GDP.MKTP.PP.CD,Bolivia,BOL,16301788738.4843,28938783244.4215,55765337780.2746,61452959665.4717,69841188330.1307,75554052848.6329,77543289207.737,82736157918.0374,94285208488.0407,100661257927.575,104890740216.212,..
"GDP, PPP (current international $)",NY.GDP.MKTP.PP.CD,Bosnia and Herzegovina,BIH,..,17065336100.3798,36525544935.8961,37145916732.9068,39027244947.2416,39811669774.4469,41189080577.1119,44265677701.9916,46243666455.4064,51147237633.6842,53769428555.1762,..
"GDP, PPP (current international $)",NY.GDP.MKTP.PP.CD,Botswana,BWA,7311440395.17992,14435356004.5864,28724946390.7421,27718549539.3178,30335164691.645,34046222231.4244,32971120138.136,37281291597.4263,38045692207.0873,40717999938.9111,42739922024.5936,..
"GDP, PPP (current international $)",NY.GDP.MKTP.PP.CD,Brazil,BRA,998501745579.538,1583737935465.81,2970630083312.7,2998534424980.66,3133893649534.8,3187155079572.03,3014754849735.88,2939094210373.69,3017715870282.25,3131945876397.82,3229055074104.07,..
"GDP, PPP (current international $)",NY.GDP.MKTP.PP.CD,British Virgin Islands,VGB,..,..,..,..,..,..,..,..,..,..,..,..
"GDP, PPP (current international $)",NY.GDP.MKTP.PP.CD,Brunei Darussalam,BRN,14466035683.1321,22135261424.9486,33044207206.1251,35209872643.723,33885246844.1847,33344140243.0964,25948980972.9153,23633069098.5308,25891019749.5614,26535579845.0055,28097514783.1279,..
"GDP, PPP (current international $)",NY.GDP.MKTP.PP.CD,Bulgaria,BGR,65674733033.6764,52491359569.9721,115128518949.148,118702345714.615,120520508488.7,126862335718.758,131666684071.597,142696083169.738,151818436289.683,166030942578.739,176571022082.436,..
"GDP, PPP (current international $)",NY.GDP.MKTP.PP.CD,Burkina Faso,BFA,5198089865.08545,10701824789.0146,25515102554.621,26835475975.0516,28735314121.1823,29760893893.8537,31032905189.7743,35340335154.5367,39238401912.359,42899819803.8102,46225439607.3739,..
"GDP, PPP (current international $)",NY.GDP.MKTP.PP.CD,Burundi,BDI,3345350710.27906,3362180906.06056,6109378663.94635,6386094258.45455,7069203706.21655,7649427870.69596,8551152238.70251,8358351140.30498,8375481076.5592,8717632291.23795,9050663437.03456,..
"GDP, PPP (current international $)",NY.GDP.MKTP.PP.CD,Cabo Verde,CPV,359431219.646402,1298320125.3322,2976609859.53646,2939948400.20897,2964468795.09437,2979100325.6128,3145505183.22012,3358352136.29182,3570702548.12283,3823420547.93373,4118579527.6735,..
"GDP, PPP (current international $)",NY.GDP.MKTP.PP.CD,Cambodia,KHM,..,13157248091.7154,37972104979.2572,42401242881.6309,45764054822.9921,48654438003.1038,52598070984.9857,57941724641.1238,62890960721.9283,69234847528.9271,75558093198.3549,..
"GDP, PPP (current international $)",NY.GDP.MKTP.PP.CD,Cameroon,CMR,21856882108.5344,30123382460.005,57992159983.0529,61350020204.4768,66289532991.1811,72249773159.4018,75964910602.352,81471243200.7112,87320624933.3413,93081560370.1737,98419704862.9205,..
"GDP, PPP (current international $)",NY.GDP.MKTP.PP.CD,Canada,CAN,557984323229.721,898025600315.422,1427466965184.4,1468097961846.59,1554125000000,1621395561291.92,1594851775821.65,1678092366067.54,1771999503434.57,1887700039980.41,1942196366113.28,..
"GDP, PPP (current international $)",NY.GDP.MKTP.PP.CD,Cayman Islands,CYM,..,..,3704981270.37559,3702634776.3182,3742217002.06883,3837526342.95763,3964557969.81969,4169236840.87788,4409643995.52519,4703458957.78373,..,..
"GDP, PPP (current international $)",NY.GDP.MKTP.PP.CD,Central African Republic,CAF,1783507771.58805,2455248639.68016,4474567487.04114,4889047036.92662,3284695704.66429,3215650000.89682,3536183568.04248,3861897992.35142,4195263790.82987,4460310337.74275,4681983390.88152,..
"GDP, PPP (current international $)",NY.GDP.MKTP.PP.CD,Chad,TCD,4164613406.98047,6396948803.04057,22221960066.2343,22127764664.7183,20743635470.8357,22915027717.8257,25682812590.799,24238063013.9389,23832085166.556,24992200401.0808,26304837163.7321,..
"GDP, PPP (current international $)",NY.GDP.MKTP.PP.CD,Channel Islands,CHI,..,..,..,..,..,..,..,..,..,..,..,..
"GDP, PPP (current international $)",NY.GDP.MKTP.PP.CD,Chile,CHL,59884081815.8211,146574191533.23,350575241993.673,374241571983.029,394291936706.68,404667282590.117,407878247566.731,426776809813.147,453415803473.349,477832721931.34,511747890787.726,..
"GDP, PPP (current international $)",NY.GDP.MKTP.PP.CD,China,CHN,1115320250413.32,3687631479779.99,13844365195928.9,15124538193948.2,16185063329894.8,17121277216279.1,17796747505553.3,18712096136707.7,19887033884254.4,21746511395510,23487797982261.4,..
"GDP, PPP (current international $)",NY.GDP.MKTP.PP.CD,Colombia,COL,165917402797.366,265139277590.575,529875186711.481,553768023392.024,591783692551.881,625019201607.325,630399533935.377,667662146060.452,695475131899.146,747681231031.764,806057599777.783,..
"GDP, PPP (current international $)",NY.GDP.MKTP.PP.CD,Comoros,COM,653375808.167956,977201192.318408,1651292301.29229,1817991275.62343,1954973713.18646,2063131653.84176,2106508753.21871,2278472094.4975,2467927827.4934,2614777912.12976,2718496318.03787,..
"GDP, PPP (current international $)",NY.GDP.MKTP.PP.CD,"Congo, Dem. Rep.",COD,30554562461.529,21060176245.3978,44655249523.1256,46214046396.4042,53767800424.5674,62684684446.4372,69035657196.8067,75926663565.3293,86267287184.0017,93512812465.6893,99508497966.8993,..
"GDP, PPP (current international $)",NY.GDP.MKTP.PP.CD,"Congo, Rep.",COG,8189654925.46945,11569040902.572,23856263885.5927,28575641891.042,28055516787.2607,27892643350.1503,22650392318.2327,19344097903.4657,21844655233.9817,20988533736.4029,20637813209.5959,..
"GDP, PPP (current international $)",NY.GDP.MKTP.PP.CD,Costa Rica,CRI,15776650517.253,31052821239.0558,62025773108.0525,66061087414.0291,69477332172.534,74918138321.3666,80407388573.9494,91169870107.0918,97757470348.3204,101861562055.315,109722113899.811,..
"GDP, PPP (current international $)",NY.GDP.MKTP.PP.CD,Cote d'Ivoire,CIV,24493303203.0196,37704903408.5006,50553775704.1465,56584389144.1854,62472328771.073,70830156789.7432,108068702923.226,112609566975.11,118051344947.092,129259297438.283,139980931072.653,..
"GDP, PPP (current international $)",NY.GDP.MKTP.PP.CD,Croatia,HRV,..,47307816903.3105,89055724750.9704,90339300421.3428,92861349145.1112,93502002543.5275,96704335180.6702,103842398391.19,110890731552.241,120409799859.47,126624503659.648,..
"GDP, PPP (current international $)",NY.GDP.MKTP.PP.CD,Cuba,CUB,..,..,..,..,..,..,..,..,..,..,..,..
"GDP, PPP (current international $)",NY.GDP.MKTP.PP.CD,Curacao,CUW,..,3038884425.10872,4106283622.56743,3980978516.61811,3987244429.21591,3956860925.03556,3963751079.56532,3961008962.771,4080536556.8692,4089395557.77598,4027069861.08246,..
"GDP, PPP (current international $)",NY.GDP.MKTP.PP.CD,Cyprus,CYP,7721996236.28092,14781142813.0357,28345798720.9993,27503447269.3754,26181499623.0754,25643576078.0543,26968548608.4516,30416963879.7643,32809874274.2805,36328662360.3176,37705562489.0105,..
"GDP, PPP (current international $)",NY.GDP.MKTP.PP.CD,Czech Republic,CZE,131987392000.866,166568303684.951,304400911032.007,307490190596.132,324029971676.001,342099831459.922,357503876184.69,381420338169.846,412641314149.836,450976470083.056,472624546308.906,..
"GDP, PPP (current international $)",NY.GDP.MKTP.PP.CD,Denmark,DNK,93563363865.4322,153089941089.323,247352252302.688,250524614311.535,262368108591.261,270330620655.251,278748351517.934,297719080444.573,320149213276.988,343424798762.209,361273458075.452,..
"GDP, PPP (current international $)",NY.GDP.MKTP.PP.CD,Djibouti,DJI,..,..,..,..,3624994849.43033,3854585103.65772,4181038015.51501,4359928618.60477,4612122077.43311,5121691249.83797,5626861137.87837,..
"GDP, PPP (current international $)",NY.GDP.MKTP.PP.CD,Dominica,DMA,302734908.734807,453857331.706954,723240297.773785,705767394.597635,720553048.260504,775558493.883368,792974988.031191,852085425.178163,807786936.210854,846480442.623723,893610429.300979,..
"GDP, PPP (current international $)",NY.GDP.MKTP.PP.CD,Dominican Republic,DOM,26168364885.8833,57267194695.6771,116474304264.842,118182716943.33,125423585902.812,136975940970.905,151560391084.355,167506141668.374,175940743804.625,192811040163.862,206485630248.572,..
"GDP, PPP (current international $)",NY.GDP.MKTP.PP.CD,Ecuador,ECU,49414727009.0289,74043841105.3384,150266909235.128,159559695566.132,175196209316.482,186846614273.657,179309604311.665,181967413007.433,195010792573.628,202336764977.653,206376837844.164,..
"GDP, PPP (current international $)",NY.GDP.MKTP.PP.CD,"Egypt, Arab Rep.",EGY,208454757916.107,398818686049.737,818754235836.905,958659720240.143,992022227977.067,985262043446.578,1064235799328.8,1057086848346.43,1062265603571.56,1145967618744.53,1233147750539.73,..
"GDP, PPP (current international $)",NY.GDP.MKTP.PP.CD,El Salvador,SLV,15366924795.573,26187438494.901,40156356628.9882,40803577135.87,43092741448.6954,45533880987.2001,48056303342.8848,51094653385.7425,54005555164.8727,56665966367.3877,59142593412.4147,..
"GDP, PPP (current international $)",NY.GDP.MKTP.PP.CD,Equatorial Guinea,GNQ,274120341.152396,5223898642.81854,33829572382.3589,38742501085.3548,37422586820.9297,37816353965.5144,28095292742.1539,24861119032.1946,28459489607.0027,27299714816.4156,26277981473.6438,..
"GDP, PPP (current international $)",NY.GDP.MKTP.PP.CD,Eritrea,ERI,..,3504145056.66609,5224331270.24732,..,..,..,..,..,..,..,..,..
"GDP, PPP (current international $)",NY.GDP.MKTP.PP.CD,Estonia,EST,..,13184474180.5272,32890578577.0133,34642139242.2797,36432843820.3452,38300195486.724,38658832173.816,41548791415.7268,44744044035.5959,49538780935.9374,53045342274.737,..
"GDP, PPP (current international $)",NY.GDP.MKTP.PP.CD,Eswatini,SWZ,2893709642.02903,4747618880.72217,8637941299.35267,8922130160.04144,9465059127.18132,9632880507.98889,9728496264.4692,9698248002.45773,9457434167.51664,9917574660.75508,10337032575.0281,..
"GDP, PPP (current international $)",NY.GDP.MKTP.PP.CD,Ethiopia,ETH,19874593251.9646,31978926213.0627,102289393957.91,112533091823.037,122434385173.204,148485604878.241,167119104031.576,194651496419.484,215094143811.298,235352121497.407,259989856897.58,..
"GDP, PPP (current international $)",NY.GDP.MKTP.PP.CD,Faroe Islands,FRO,..,..,..,..,..,..,..,..,..,..,..,..
"GDP, PPP (current international $)",NY.GDP.MKTP.PP.CD,Fiji,FJI,3060644161.41763,4733630525.35676,7134734867.15992,7646755789.36484,8254663160.44008,9831527180.51072,10781765042.5927,11020155973.1376,11783674116.4674,12530937581.6535,12717393218.7941,..
"GDP, PPP (current international $)",NY.GDP.MKTP.PP.CD,Finland,FIN,90265848548.9923,138703561571.422,220471055643.893,221285752810.968,225680035610.262,228058553146.46,232867491858.974,246928408039.55,262435707415.892,283047597358.784,293523845548.446,..
"GDP, PPP (current international $)",NY.GDP.MKTP.PP.CD,France,FRA,1025467669734.99,1589936180393.89,2446475413051,2474003939353.38,2608522466158.15,2662033396692.53,2718496736713.76,2864106383742.44,2992537031512.78,3223484993309.12,3419582213776.4,..
"GDP, PPP (current international $)",NY.GDP.MKTP.PP.CD,French Polynesia,PYF,..,..,..,..,..,..,..,..,..,..,..,..
"GDP, PPP (current international $)",NY.GDP.MKTP.PP.CD,Gabon,GAB,11769492035.0194,17015659146.4543,26345487003.7203,26868451928.813,27463881944.8317,28955844877.1506,28630139365.0076,28684983156.4358,30986311650.7557,32008701019.6228,33917539948.0722,..
"GDP, PPP (current international $)",NY.GDP.MKTP.PP.CD,"Gambia, The",GMB,1487913576.32566,2521797590.13201,4095033765.28765,4190620609.90576,4165986163.68023,4102796584.71164,4311179261.73183,4446016237.15633,4588632823.22907,5040481659.59984,5449583787.42114,..
"GDP, PPP (current international $)",NY.GDP.MKTP.PP.CD,Georgia,GEO,27519829490.7505,12657517073.6221,31404963200.6754,36640112634.8222,39451053057.9766,43054252353.1571,45035492644.5473,47930061166.6244,50662483514.4009,54423954243.7106,58245087399.129,..
"GDP, PPP (current international $)",NY.GDP.MKTP.PP.CD,Germany,DEU,1542270388292.22,2237046842334.7,3415020684916.05,3487232707438.34,3628559701800.76,3807112936430.42,3889081660716.44,4165169650070.14,4390904241849.53,4699853812633.71,4782655118573.17,..
"GDP, PPP (current international $)",NY.GDP.MKTP.PP.CD,Ghana,GHA,18279898800.5715,34153187523.0448,85797385076.0381,98315093257.2606,139946034635.956,148486187686.425,142513769813.705,139277256051.861,145509469176.384,158390056348.403,171926303272.099,..
"GDP, PPP (current international $)",NY.GDP.MKTP.PP.CD,Gibraltar,GIB,..,..,..,..,..,..,..,..,..,..,..,..
"GDP, PPP (current international $)",NY.GDP.MKTP.PP.CD,Greece,GRC,135408020600.103,210979945689.354,290296713374.081,279267184001.472,286168671568.829,292335537974.425,291031172114.864,299853795575.793,314400098741.999,337732380975.02,348348609719.974,..
"GDP, PPP (current international $)",NY.GDP.MKTP.PP.CD,Greenland,GRL,..,..,..,..,..,..,..,..,..,..,..,..
"GDP, PPP (current international $)",NY.GDP.MKTP.PP.CD,Grenada,GRD,455559386.36066,785803167.203972,1187113039.99111,1199574282.19567,1285879276.92482,1420279857.55212,1551090812.87388,1656762122.48781,1798099078.35128,1918176733.49498,1992859146.8027,..
"GDP, PPP (current international $)",NY.GDP.MKTP.PP.CD,Guam,GUM,..,..,..,..,..,..,..,..,..,..,..,..
"GDP, PPP (current international $)",NY.GDP.MKTP.PP.CD,Guatemala,GTM,30575241984.0568,56120131739.4721,102023438426.521,108206083243.936,112026328258.702,118753947609.949,127566291555.947,130131253708.676,133804912953.529,141470895234.213,149763230426.514,..
"GDP, PPP (current international $)",NY.GDP.MKTP.PP.CD,Guinea,GIN,5608354448.85848,10089469457.9058,18172750190.6579,19125167503.1917,19730520884.617,20122408008.2584,20799124961.1001,24399990225.9637,29176885979.9953,31740601534.5241,34168977885.4674,..
"GDP, PPP (current international $)",NY.GDP.MKTP.PP.CD,Guinea-Bissau,GNB,987615090.540663,1288411407.79089,2249594251.25778,2175252518.53473,2248857564.16191,2332574695.02558,2774674410.9887,3113471483.94557,3519615667.21345,3742357007.25737,3990526569.16647,..
"GDP, PPP (current international $)",NY.GDP.MKTP.PP.CD,Guyana,GUY,2268175760.68456,4486396792.4392,7510831415.44822,7916300207.90266,8369731951.17493,8360291166.10801,8593946181.04518,8713910376.31874,9306806134.43556,9956901898.77982,10693585695.61,..
"GDP, PPP (current international $)",NY.GDP.MKTP.PP.CD,Haiti,HTI,14468971470.7193,17736210477.423,28338730486.8326,28317570996.5471,29872706670.4998,30562742045.6341,31053001979.3673,32798870134.9337,32738003150.2684,34094815563.9641,34172312014.8486,..
"GDP, PPP (current international $)",NY.GDP.MKTP.PP.CD,Honduras,HND,10168938113.3466,17036736964.8283,33314349143.9269,34844289142.3691,36445584467.0234,39875503507.5608,43955139193.462,47719049297.9263,52444135530.2339,55707620735.4232,58295920223.6395,..
"GDP, PPP (current international $)",NY.GDP.MKTP.PP.CD,"Hong Kong SAR, China",HKG,104222055304.829,188307241520.891,369685331700.329,373482558531.676,385448332074.392,396043918178.997,411294477052.779,419810624219.189,442387687745.01,466067937548.302,469182169655.82,..
"GDP, PPP (current international $)",NY.GDP.MKTP.PP.CD,Hungary,HUN,..,121085109186.054,229348031842.066,230214451411.076,242367240075.151,253001464884.581,263571390904.7,273925720700.132,289324586224.582,320971253488.671,341618949103.42,..
"GDP, PPP (current international $)",NY.GDP.MKTP.PP.CD,Iceland,ISL,5597321830.58862,8357232600.04199,13005318870.4475,13446448574.3241,14296625702.3102,14966383106.1884,16157415211.4719,17788597246.5176,18981156544.4826,20791221950.3477,21726637459.153,..
"GDP, PPP (current international $)",NY.GDP.MKTP.PP.CD,India,IND,1049390388792.93,2214209338334.82,5618382206617.36,6153155415797.75,6477517561942.86,6781021982581.72,7159798335002.56,7735001679985.09,8280935377565.52,9001762811692.04,9560219601244.47,..
"GDP, PPP (current international $)",NY.GDP.MKTP.PP.CD,Indonesia,IDN,559131042404.281,1003409878387.55,2229511719014.97,2413435225696.69,2535041372928.96,2622251600815.57,2647706548803.03,2744896640112.26,2894125530220.37,3117888944584.7,3338143991973.09,..
"GDP, PPP (current international $)",NY.GDP.MKTP.PP.CD,"Iran, Islamic Rep.",IRN,406818364051.46,676516050075.239,1344086183911.39,1204868695388.78,1168173442990.26,1180245347698.22,1066588920477.83,1114814815036.12,1172665437001.49,1128845631665.5,1072696667247.19,..
"GDP, PPP (current international $)",NY.GDP.MKTP.PP.CD,Iraq,IRQ,..,225027074812.199,414644233081.568,483130514695.852,515129894217.47,490956530499.901,369659028804.152,362371214121.619,412027987017.235,419686172971.523,446664936199.296,..
"GDP, PPP (current international $)",NY.GDP.MKTP.PP.CD,Ireland,IRL,48233943874.038,114865963003.08,205441154858.673,212758615285.176,221468264162.48,237861357367.946,324611538300.032,342046305563.844,375223945415.698,422485839265.694,443166676664.704,..
"GDP, PPP (current international $)",NY.GDP.MKTP.PP.CD,Isle of Man,IMN,..,..,..,..,..,..,..,..,..,..,..,..
"GDP, PPP (current international $)",NY.GDP.MKTP.PP.CD,Israel,ISR,70874111577.4964,156785654347.791,237167247563.415,250714737325.926,275197370744.506,281083288012.066,296979079110.839,323333108706.822,340018130214.195,368365725610.767,388366736725.047,..
"GDP, PPP (current international $)",NY.GDP.MKTP.PP.CD,Italy,ITA,1054559614152.73,1542230975725.8,2173169963370.93,2172383785077.79,2187377576803.98,2200255257934.9,2240921139199.72,2420671363968.59,2525222226584.6,2687068696082.25,2756951889780.28,..
"GDP, PPP (current international $)",NY.GDP.MKTP.PP.CD,Jamaica,JAM,11533097218.5512,16872854998.088,23059255170.7083,23269052381.302,24133311548.951,24565823799.1824,25415826988.6515,26718138074.5761,28035430606.1794,29275762876.7864,30053192134.4701,..
"GDP, PPP (current international $)",NY.GDP.MKTP.PP.CD,Japan,JPN,2416532192757.19,3404300128237.95,4573186804907.29,4746699396854.28,4967051560426.25,4986566209495.87,5135040987997.26,5075243816067.28,5210072229467.91,5416841902228.99,5504330908893.46,..
"GDP, PPP (current international $)",NY.GDP.MKTP.PP.CD,Jordan,JOR,15650418255.8488,30413339131.5871,72050912826.5243,74340200697.022,79416620117.8196,81884118516.6136,87705169048.396,90248991291.211,97893384071.2481,102217538539.562,106240192951.32,..
"GDP, PPP (current international $)",NY.GDP.MKTP.PP.CD,Kazakhstan,KAZ,135210707466.928,115106829632.537,344049455918.982,369966257833.272,417452192395.491,427478309972.205,407416193706.814,423833478989.461,448472613650.923,478232709037.535,509458114034.691,..
"GDP, PPP (current international $)",NY.GDP.MKTP.PP.CD,Kenya,KEN,35028645239.3437,51703788260.3067,105263452370.172,112204258119.628,125971868773.42,141100869455.549,160965881099.335,178315878677.906,203206547190.571,221308938637.091,237712122820.793,..
"GDP, PPP (current international $)",NY.GDP.MKTP.PP.CD,Kiribati,KIR,91329588.9662864,133606261.991512,183193721.930402,195507202.42539,207322984.081353,209684581.044478,233914133.756285,248472521.810057,255409849.767337,267683591.232959,279014514.020318,..
"GDP, PPP (current international $)",NY.GDP.MKTP.PP.CD,"Korea, Dem. People's Rep.",PRK,..,..,..,..,..,..,..,..,..,..,..,..
"GDP, PPP (current international $)",NY.GDP.MKTP.PP.CD,"Korea, Rep.",KOR,358069111225.954,871501091119.007,1625275455251.2,1684562928828.18,1726902752731.95,1792600237630.01,1933588947770.48,2026967821102.36,2111521279567,2254100380376.12,2275781083415.03,..
"GDP, PPP (current international $)",NY.GDP.MKTP.PP.CD,Kosovo,XKX,..,6053784308.04314,14726006656.9075,15319686484.2774,16009210621.5456,16393220403.7826,17123326573.396,17885970979.253,18860124253.0502,20056718171.0257,21299154809.989,..
"GDP, PPP (current international $)",NY.GDP.MKTP.PP.CD,Kuwait,KWT,..,114893568381.405,247672823742.859,276884442786.982,275263666389.691,258670095308.753,181157353237.842,176814346747.18,206274942530.65,213933178168.484,219019576942.525,..
"GDP, PPP (current international $)",NY.GDP.MKTP.PP.CD,Kyrgyz Republic,KGZ,11181454193.2592,9129340048.46224,18183659161.1761,20287689142.3113,23123731105.9621,24986584383.7428,25107317901.3392,28459201788.3159,31280403475.2799,33246519089.1306,35419714489.9304,..
"GDP, PPP (current international $)",NY.GDP.MKTP.PP.CD,Lao PDR,LAO,4368170314.73714,9752854227.96768,26347634541.0467,31202113957.7343,34600073063.9711,39000303251.926,41582719416.4998,46849968684.2159,50463792572.0591,54922855200.4583,58593991911.7089,..
"GDP, PPP (current international $)",NY.GDP.MKTP.PP.CD,Latvia,LVA,..,19019251562.2487,40945372773.8483,43549724122.5358,45914345115.1779,47459606719.2167,49361752842.3194,52339434715.7586,55823072702.616,61229095363.2559,63161816357.2504,..
"GDP, PPP (current international $)",NY.GDP.MKTP.PP.CD,Lebanon,LBN,10761643584.3962,34400962173.898,76310623815.5428,82065263274.9764,88557943341.9478,94101077690.983,98432919650.0493,103935864131.959,109025778306.588,109530207731.614,104176190349.281,..
"GDP, PPP (current international $)",NY.GDP.MKTP.PP.CD,Lesotho,LSO,1385558711.02862,2556091905.95645,4665291216.1904,4743502562.01184,5318648249.66316,5868106502.55864,6370015346.44384,6355787870.59496,5820641497.40003,5935442113.28397,6001953371.49932,..
"GDP, PPP (current international $)",NY.GDP.MKTP.PP.CD,Liberia,LBR,..,2829657672.73928,4393239184.19533,4855466757.65079,5689798755.87836,6024575445.78625,5778552811.18067,6325435787.28629,7126900130.29696,7389764052.43416,7361642884.56021,..
"GDP, PPP (current international $)",NY.GDP.MKTP.PP.CD,Libya,LBY,..,96675513748.8546,71733711996.5322,152651325256.257,125579914377.392,90996326484.5627,78431959498.8301,72119611548.432,87115614620.6817,102741923179.115,107393199573.684,..
"GDP, PPP (current international $)",NY.GDP.MKTP.PP.CD,Liechtenstein,LIE,..,..,..,..,..,..,..,..,..,..,..,..
"GDP, PPP (current international $)",NY.GDP.MKTP.PP.CD,Lithuania,LTU,..,29569558409.5746,69297881709.4138,73809005494.2263,79034122256.3816,82647216574.0364,83761417312.2384,88700533710.4277,95797278557.0232,105039585762.61,111519257534.241,..
"GDP, PPP (current international $)",NY.GDP.MKTP.PP.CD,Luxembourg,LUX,11317652222.4058,24155877362.924,47690524461.9649,48646428610.814,51940075107.1763,56353766041.0479,59081030477.9174,64406173772.793,67187250623.8102,73152143777.697,77233180568.5088,..
"GDP, PPP (current international $)",NY.GDP.MKTP.PP.CD,"Macao SAR, China",MAC,9311014594.07203,14862289982.7855,66297551188.7777,75311301170.2708,88690020680.974,90948517198.1843,70510287445.6321,70903935831.0573,79017384059.024,85347565433.3844,82906286640.4883,..
"GDP, PPP (current international $)",NY.GDP.MKTP.PP.CD,Madagascar,MDG,14068918370.1143,20431382028.2756,33666789093.6671,34211243846.4438,35256755127.2616,36701697717.2108,37486186735.8963,39996977188.34,40514543473.3171,43395930856.8904,46384673274.8137,..
"GDP, PPP (current international $)",NY.GDP.MKTP.PP.CD,Malawi,MWI,4412425816.68757,7589340383.05794,15904043611.065,15919778301.1988,17558045999.5785,17576097210.5181,17062379707.3309,17635609750.8145,18333705241.2908,19375651227.7197,20614924168.7028,..
"GDP, PPP (current international $)",NY.GDP.MKTP.PP.CD,Malaysia,MYS,122934587701.569,299511433210.738,621861803378.808,668155626860.022,691871113876.77,734947546649.784,750777096659.435,783874094211.83,829296989955.658,890019147473.504,946342403168.243,..
"GDP, PPP (current international $)",NY.GDP.MKTP.PP.CD,Maldives,MDV,..,2363844377.24589,5153016194.53146,5438384433.88027,6140033356.58292,6957268399.38978,7628373701.94697,8279143210.57638,8964243526.1207,9929050141.39357,10829048853.5944,..
"GDP, PPP (current international $)",NY.GDP.MKTP.PP.CD,Mali,MLI,6795631666.34112,12419192366.5466,28339693401.1737,28185271180.1879,29823029628.6952,32434173880.7766,35447022304.1779,39326484634.0147,41593677730.7733,44629230363.8639,47657571434.9218,..
"GDP, PPP (current international $)",NY.GDP.MKTP.PP.CD,Malta,MLT,3573976372.88137,7163358067.17188,12060614185.6433,12703321708.7012,13756978575.7346,14924508462.1304,16669491456.8106,18075538177.5182,19908554074.0481,22067356295.9783,23915323452.3217,..
"GDP, PPP (current international $)",NY.GDP.MKTP.PP.CD,Marshall Islands,MHL,94470651.7696445,125676953.620095,185737266.300436,184812388.392912,195046900.927249,196787644.611945,202001184.901055,206759246.597642,219199428.864806,232678119.459187,..,..
"GDP, PPP (current international $)",NY.GDP.MKTP.PP.CD,Mauritania,MRT,5368687382.4592,7998674605.22281,15206335118.1468,15797573506.5031,17107165464.4978,16883392126.9338,16995094117.3576,19569042826.8309,21743465320.1028,22744272996.782,24561215776.111,..
"GDP, PPP (current international $)",NY.GDP.MKTP.PP.CD,Mauritius,MUS,5237260908.81543,10714407615.8323,20856589153.2036,21304168424.878,22487480674.6131,23312206792.5804,24279686437.2367,26155431238.2558,27081834228.7363,28784540896.2299,30228158502.3997,..
"GDP, PPP (current international $)",NY.GDP.MKTP.PP.CD,Mexico,MEX,678414631297.192,1096780829250.8,1911319122227.47,2012767821886.24,2064490858166.15,2173227410899.1,2230188837833.73,2383253006289.45,2468832279842.39,2567829834020.14,2671945581126.25,..
"GDP, PPP (current international $)",NY.GDP.MKTP.PP.CD,"Micronesia, Fed. Sts.",FSM,170531149.71583,267367014.888822,354035867.533622,354089774.695965,347045410.630426,345315038.216637,365037641.135261,372136778.496137,389316095.399316,399643917.089152,..,..
"GDP, PPP (current international $)",NY.GDP.MKTP.PP.CD,Moldova,MDA,..,9016173227.58817,19771747983.6322,21054653399.4108,23960618216.0205,25218452232.6663,26233146016.6985,29732362696.7569,32101220495.8184,34297670652.1389,36215582858.8936,..
"GDP, PPP (current international $)",NY.GDP.MKTP.PP.CD,Monaco,MCO,..,..,..,..,..,..,..,..,..,..,..,..
"GDP, PPP (current international $)",NY.GDP.MKTP.PP.CD,Mongolia,MNG,7309392733.4805,8940570943.55584,24691841190.0464,28889684311.683,30402499578.9283,32506744921.2182,32284592101.9162,32833404463.105,35222426052.7844,38695061240.8267,41481570828.7465,..
"GDP, PPP (current international $)",NY.GDP.MKTP.PP.CD,Montenegro,MNE,..,3632363561.70742,8974047140.32517,8603990804.77956,9237454813.81283,9557956314.39484,10161592231.2927,11325497837.5303,12288825201.4189,13830431125.0339,14953625899.0614,..
"GDP, PPP (current international $)",NY.GDP.MKTP.PP.CD,Morocco,MAR,63790009519.5445,104186959605.967,223315729951.264,226123984328.435,236669859661.439,229401963793.421,247207179584.528,253685437088.192,264212938334.625,279170566828.942,291655207460.181,..
"GDP, PPP (current international $)",NY.GDP.MKTP.PP.CD,Mozambique,MOZ,3785681590.7769,8471803374.49234,24745386724.0785,25745855746.6741,27733011810.3359,29941333846.0074,34918471458.0821,37950978490.3475,36775580595.8018,38968768509.0956,40632691531.3012,..
"GDP, PPP (current international $)",NY.GDP.MKTP.PP.CD,Myanmar,MMR,17581265615.9176,43013181680.9135,176893542391.214,191626156425.201,208255864509.368,221974218424.915,232666888251.559,238280127040.276,253028635780.987,276689099034.845,290208096830.35,..
"GDP, PPP (current international $)",NY.GDP.MKTP.PP.CD,Namibia,NAM,5235746456.32247,9202475797.11393,19044152169.5933,20501455712.7424,21686469988.7005,23645421696.7234,24478137222.7363,24458367518.0647,24147364523.1175,24908340619.1828,25104076732.1166,..
"GDP, PPP (current international $)",NY.GDP.MKTP.PP.CD,Nauru,NRU,..,..,67083599.8292964,76139498.5722294,101192728.361404,130441158.732009,136681122.318903,143028144.421469,137347501.600122,149272148.449412,152170931.825306,..
"GDP, PPP (current international $)",NY.GDP.MKTP.PP.CD,Nepal,NPL,14213811024.1959,28366459777.039,54126905678.7827,58733969350.3271,63246986991.392,69781454452.2416,71141255939.6093,70413965843.264,85624913439.6591,93588230522.8523,102075675266.473,..
"GDP, PPP (current international $)",NY.GDP.MKTP.PP.CD,Netherlands,NLD,286004057867.01,507780035791.198,777880906388.857,792042289740.032,827475738129.662,830318571509.821,851884866008.706,890488127445.161,946753713157.016,1029216133699.28,1062244270545.87,..
"GDP, PPP (current international $)",NY.GDP.MKTP.PP.CD,New Caledonia,NCL,..,..,..,..,..,..,..,..,..,..,..,..
"GDP, PPP (current international $)",NY.GDP.MKTP.PP.CD,New Zealand,NZL,49478418552.0509,82996400042.6621,143549260893.12,145451190207.151,160942171359.335,168107834222.929,172179695185.567,187638097776.001,202659279157.016,216201573923.918,223143901288.456,..
"GDP, PPP (current international $)",NY.GDP.MKTP.PP.CD,Nicaragua,NIC,8244258179.37289,14109168878.5497,25165569566.896,26490432129.383,27949659448.3689,30355546777.3138,32944994652.2256,35895147406.1907,38334779852.6714,37717558973.008,36958519013.4192,..
"GDP, PPP (current international $)",NY.GDP.MKTP.PP.CD,Niger,NER,6130487231.16238,8805522033.88358,18282764961.5946,20618757380.2004,20860788569.3309,21982232411.6596,22912137965.4102,23875418393.0485,25138435012.4332,27609803041.9863,29807368320.747,..
"GDP, PPP (current international $)",NY.GDP.MKTP.PP.CD,Nigeria,NGA,196055267890.459,282000569315.342,801440949035.347,833291994452.731,897506108480.495,971491854689.888,982912105652.4,973442207702.023,990700126987.351,1034346388429.17,1077719232146.02,..
"GDP, PPP (current international $)",NY.GDP.MKTP.PP.CD,North Macedonia,MKD,11031760813.64,12471130551.4605,24064126928.0264,24558847058.4576,26269620759.8752,27776159300.9177,28751821736.9921,31373289893.8217,32687116945.8211,35822388831.6671,37726824641.2396,..
"GDP, PPP (current international $)",NY.GDP.MKTP.PP.CD,Northern Mariana Islands,MNP,..,..,..,..,..,..,..,..,..,..,..,..
"GDP, PPP (current international $)",NY.GDP.MKTP.PP.CD,Norway,NOR,78112922789.6062,165952701240.151,307471559230.611,327987730556.922,340137921349.59,338506031929.012,313230605417.6,308522092432.707,339073070367.975,379505788848.192,374384211512.27,..
"GDP, PPP (current international $)",NY.GDP.MKTP.PP.CD,Oman,OMN,41700963124.9555,81543515092.4013,141181285502.315,155693485697.658,158418735823.708,155551303076.047,132771363005.823,129565247030.677,135696698275.155,141453662150.412,141824295073.027,..
"GDP, PPP (current international $)",NY.GDP.MKTP.PP.CD,Pakistan,PAK,207063865853.837,373689170153.572,732179845261.482,752628769386.646,784863469118.625,827826438336.329,872096952150.657,898015616788.999,950381922984.568,1030352709282.1,1060747879309.42,..
"GDP, PPP (current international $)",NY.GDP.MKTP.PP.CD,Palau,PLW,..,188153492.742177,262815327.772617,272335890.802235,267728389.214477,289843022.32438,314940669.340503,317935887.72725,317717242.815933,338666760.172824,330579975.820638,..
"GDP, PPP (current international $)",NY.GDP.MKTP.PP.CD,Panama,PAN,12465971895.4683,25357009479.0358,62728208418.2053,70433569156.0822,79815106968.4133,89329952504.9744,100479032644.952,112345919808.096,125070740811.579,132847692513.563,139499000472.05,..
"GDP, PPP (current international $)",NY.GDP.MKTP.PP.CD,Papua New Guinea,PNG,6643330890.89384,12171489234.7368,22937846458.121,24466489957.0308,25848109375.5759,29891822366.4621,32190004119.0281,34308645183.1237,36190433384.8304,36968508509.7077,39909915284.9113,..
"GDP, PPP (current international $)",NY.GDP.MKTP.PP.CD,Paraguay,PRY,22770977066.0168,35420483180.3817,66449333934.4864,64357198936.6162,72177773897.5625,75403947745.4385,76729911135.1185,81537571247.3828,86486123430.181,91566258183.631,93316501354.1161,..
"GDP, PPP (current international $)",NY.GDP.MKTP.PP.CD,Peru,PER,74191065307.4215,133444567188.58,306596257463.361,317719593696.311,336325852091.006,346348573214.234,352617166513.571,371526141635.466,393259049121.626,418859489005.243,436174432412.672,..
"GDP, PPP (current international $)",NY.GDP.MKTP.PP.CD,Philippines,PHL,164958047805.634,268255671522.259,560551170595.17,612131229679.722,654004065671.884,699661967288.66,733864052010.449,798601364196.765,854095492048.794,930383012511.248,1005742409808.28,..
"GDP, PPP (current international $)",NY.GDP.MKTP.PP.CD,Poland,POL,235153016563.807,408478314138.692,868896495217.112,903836389469.142,934552749787.883,968368133404.107,1020392994001.53,1075392865943.43,1145339520598.25,1252700632091.1,1335253563807.69,..
"GDP, PPP (current international $)",NY.GDP.MKTP.PP.CD,Portugal,PRT,117317654209.721,194323553178.739,282620727896.604,277991617084.959,292135407902.921,298951904406.531,307229815692.704,326364349265.682,341457107706.463,370569124074.409,389400342845.876,..
"GDP, PPP (current international $)",NY.GDP.MKTP.PP.CD,Puerto Rico,PRI,47478868756.1507,87496409806.9158,117072536776.923,118421150151.172,119191962134.508,119064630803.291,118145537346.768,117008511226.768,114269283455.236,111598693849.543,115117035256.193,..
"GDP, PPP (current international $)",NY.GDP.MKTP.PP.CD,Qatar,QAT,..,57364499465.6482,283715621778.862,311040857104.832,322984775379.188,317405707351.647,238529336836.97,220585133994.759,249963056673.094,259214078410.554,266295288558.692,..
"GDP, PPP (current international $)",NY.GDP.MKTP.PP.CD,Romania,ROU,122217849022.889,131305389719.829,360565719069.261,378487482607.958,395317006658.88,411273856235.864,428132962987.156,478200935450.909,533372166899.882,587567206682.193,645345921666.057,..
"GDP, PPP (current international $)",NY.GDP.MKTP.PP.CD,Russian Federation,RUS,1187875551648.21,1000581025238.43,3259319197327.18,3480299219245.86,3741783381914.27,3763534951277.15,3526235948513.73,3538975998887.58,3818780560822.29,4306248314875,4433092693069.74,..
"GDP, PPP (current international $)",NY.GDP.MKTP.PP.CD,Rwanda,RWA,4051763677.24706,5009525405.26014,14939654759.5751,15714903026.7601,16693567870.3332,18927225173.1968,20531407219.0418,21982225589.3308,23665375199.0851,26321676632.8038,29362809494.8803,..
"GDP, PPP (current international $)",NY.GDP.MKTP.PP.CD,Samoa,WSM,390351287.485709,608350740.167303,1060162952.54556,1036316809.98359,1050086569.26949,1070348201.79834,1127698995.62441,1231140699.1563,1267070039.56766,1269795397.82505,1339408943.63804,..
"GDP, PPP (current international $)",NY.GDP.MKTP.PP.CD,San Marino,SMR,..,1440926413.79661,1834547471.48532,1748023888.7721,1740502670.69306,1825987815.79293,1850298479.64329,1924933739.58332,1982111206.95374,2057049924.72556,..,..
"GDP, PPP (current international $)",NY.GDP.MKTP.PP.CD,Sao Tome and Principe,STP,..,..,553046569.598532,556654529.880482,637514716.03949,747127211.987005,765345670.867933,790433675.944991,818599653.52312,863238028.401284,891455945.820857,..
"GDP, PPP (current international $)",NY.GDP.MKTP.PP.CD,Saudi Arabia,SAU,520904931916.683,824128263771.371,1586748761444.08,1672470748636.51,1680157969486.6,1722861781899.41,1541832118132.82,1475671785731.76,1565891922021,1643081118343.75,1680540365363.9,..
"GDP, PPP (current international $)",NY.GDP.MKTP.PP.CD,Senegal,SEN,11112619983.5357,18460884436.0151,34965716069.2147,37053607719.6829,37890926634.0287,40124398370.99,43317631004.2569,46119109741.5674,49402166472.861,53834017338.2388,57772245556.4003,..
"GDP, PPP (current international $)",NY.GDP.MKTP.PP.CD,Serbia,SRB,..,45261323632.4306,99446412471.6906,100311366290.817,104804314977.664,104531437723.919,105922776066.958,111931121844.009,116996003958.207,127751964414.799,135393232278.038,..
"GDP, PPP (current international $)",NY.GDP.MKTP.PP.CD,Seychelles,SYC,623215886.042737,1157854574.56898,1916946267.35322,1904257550.36249,2012104370.57584,2182546758.07671,2248333254.81639,2431429643.23218,2611017882.33862,2775015378.27682,2979190617.74441,..
"GDP, PPP (current international $)",NY.GDP.MKTP.PP.CD,Sierra Leone,SLE,3353893309.96635,3177161972.61419,7896957783.01499,9435032175.55611,11988314917.5541,12544191365.3844,11379594527.5419,11701373301.6946,12300546132.4661,13034410627.155,14019367329.8187,..
"GDP, PPP (current international $)",NY.GDP.MKTP.PP.CD,Singapore,SGP,72629517012.6026,176555260892.253,414966621180.859,435964936235.077,448140098629.224,461771555846.862,481405402043.147,501213043455.888,532832748112.696,564578205986.881,579762512267.435,..
"GDP, PPP (current international $)",NY.GDP.MKTP.PP.CD,Sint Maarten (Dutch part),SXM,..,..,1244917732.92047,1138909192.13978,1188933090.17275,1464385642.4445,1483574423.47396,1528016143.55453,1538327625.27772,1471798428.57912,..,..
"GDP, PPP (current international $)",NY.GDP.MKTP.PP.CD,Slovak Republic,SVK,..,61331794601.5892,140804745984.949,145826860796.524,151588523468.615,157123843250.682,162278280045.896,161074056924.367,164207134948.232,177310954567.606,182798095779.672,..
"GDP, PPP (current international $)",NY.GDP.MKTP.PP.CD,Slovenia,SVN,24676942082.28,35818671641.8194,59391587736.5899,59745699109.9106,61744411905.6854,63653371400.3498,65265868522.9918,70079356305.4272,75675664880.7481,83253931919.3427,88594050469.7668,..
"GDP, PPP (current international $)",NY.GDP.MKTP.PP.CD,Solomon Islands,SLB,427341337.887628,674135495.131383,1258537023.05926,1306537562.64707,1400340707.28586,1441238170.30694,1476864241.52393,1579890378.49716,1695663684.32609,1805480518.53354,1862535119.98378,..
"GDP, PPP (current international $)",NY.GDP.MKTP.PP.CD,Somalia,SOM,..,..,..,..,..,..,..,..,..,..,..,..
"GDP, PPP (current international $)",NY.GDP.MKTP.PP.CD,South Africa,ZAF,236291794360.194,346921747452.026,633011149272.292,637033795249.89,668457698775.069,682954739435.05,695228516963.075,707743775110.312,724100740041.47,747577752588.042,763258133431.533,..
"GDP, PPP (current international $)",NY.GDP.MKTP.PP.CD,South Sudan,SSD,..,..,27963579014.1695,15364070621.5654,21737660650.4627,15784928984.8425,13230895757.7817,..,..,..,..,..
"GDP, PPP (current international $)",NY.GDP.MKTP.PP.CD,Spain,ESP,530638070176.855,876008215818.019,1489595017146.76,1483646917303.62,1512074688796.68,1558305994181.4,1621069891987.84,1733214656948.48,1847661772399.88,1965751512787.07,2047649049272.66,..
"GDP, PPP (current international $)",NY.GDP.MKTP.PP.CD,Sri Lanka,LKA,39966574541.2578,81488854988.2931,183744230021.17,210687556548.255,223389738314.381,233894955001.782,242360503475.594,259190046868.401,269853535249.281,285567008650.104,297760017947.475,..
"GDP, PPP (current international $)",NY.GDP.MKTP.PP.CD,St. Kitts and Nevis,KNA,376839277.698086,715826549.612503,1125819317.71496,1071905767.74454,1114937810.08411,1216092177.83739,1224877737.15076,1286871210.1482,1319637696.55441,1391309435.76295,1458648204.24515,..
"GDP, PPP (current international $)",NY.GDP.MKTP.PP.CD,St. Lucia,LCA,941928237.32677,1452191226.16907,2327094347.93733,2310594135.16849,2394488504.6185,2453549036.70769,2427466022.20243,2572784244.17714,2704505166.04442,2843510284.1224,2948844049.65758,..
"GDP, PPP (current international $)",NY.GDP.MKTP.PP.CD,St. Martin (French part),MAF,..,..,..,..,..,..,..,..,..,..,..,..
"GDP, PPP (current international $)",NY.GDP.MKTP.PP.CD,St. Vincent and the Grenadines,VCT,402176217.803085,670608339.664545,1115916962.86951,1133921974.5414,1185007912.05227,1231232171.7568,1270683570.20818,1363525741.21869,1344833245.17848,1407392530.27986,1441824114.50404,..
"GDP, PPP (current international $)",NY.GDP.MKTP.PP.CD,Sudan,SDN,29140536149.2848,61398460266.1721,145788502700.823,148496231196.964,155313431509.76,179817684220.944,196379380054.419,175957111188.619,176646781224.527,176806239085.737,175727350867.255,..
"GDP, PPP (current international $)",NY.GDP.MKTP.PP.CD,Suriname,SUR,2680899422.05287,3595363147.59255,7746725931.88615,8543650775.38909,9202825864.07952,9550173377.41946,8986667214.37567,8025092594.27246,9340573047.34732,9814637433.76274,10032011815.5246,..
"GDP, PPP (current international $)",NY.GDP.MKTP.PP.CD,Sweden,SWE,174392549962.389,262890889218.525,421515976518.429,432488311645.095,444616519268.393,457507742235.106,481170737701.317,500423685300.432,524145207370.296,562113113321.367,582487212631.493,..
"GDP, PPP (current international $)",NY.GDP.MKTP.PP.CD,Switzerland,CHE,185151108641.324,256945928911.493,444548844434.84,462615081768.178,486238586276.179,506895080284.078,529425681427.559,550352855825.965,565517463226.755,603476795892.951,620612246221.242,..
"GDP, PPP (current international $)",NY.GDP.MKTP.PP.CD,Syrian Arab Republic,SYR,..,..,..,..,..,..,..,..,..,..,..,..
"GDP, PPP (current international $)",NY.GDP.MKTP.PP.CD,Tajikistan,TJK,13955966340.9983,6517591789.46469,19217458989.9627,21658600564.2581,24403521790.6658,27259901285.7814,25291523268.2338,26832854441.8924,27435856244.3022,30155800481.6217,32896772530.2478,..
"GDP, PPP (current international $)",NY.GDP.MKTP.PP.CD,Tanzania,TZA,23515090053.2286,38774766851.4819,98844247427.9209,95918398737.8334,103321878143.669,108827352196.003,117377411172.355,127683437546.462,134274523119.768,145034758446.373,156413869234.326,..
"GDP, PPP (current international $)",NY.GDP.MKTP.PP.CD,Thailand,THA,243860229746.194,459736308924.087,912789677004.354,1008787036643.55,1049947947719.55,1059446005036.75,1087225267411.46,1146218147768.03,1205674840385.1,1286308886232.29,1342165126131.37,..
"GDP, PPP (current international $)",NY.GDP.MKTP.PP.CD,Timor-Leste,TLS,..,1121540604.78439,2320464427.86681,2628628546.42983,2863826500.20734,3195418870.71745,3484488837.77105,3817071925.88528,3910653344.65354,3963698485.50981,4797227439.90584,..
"GDP, PPP (current international $)",NY.GDP.MKTP.PP.CD,Togo,TGO,3145799111.38546,4788761887.28528,7982028402.8089,8312518982.11561,8869531772.51289,9481974532.78003,10232891545.4997,10917574689.8395,11674937852.981,12549073157.7233,13475732998.1384,..
"GDP, PPP (current international $)",NY.GDP.MKTP.PP.CD,Tonga,TON,211611020.984522,357501033.447285,522789476.016376,537201410.035988,548336007.490057,569753301.314444,582433473.810007,627131147.852939,660172840.61352,678283491.11189,696530875.137868,..
"GDP, PPP (current international $)",NY.GDP.MKTP.PP.CD,Trinidad and Tobago,TTO,8620913820.04371,18433660293.6396,41271904854.1059,40429583658.4053,40692077547.4007,40459460682.7715,37698280771.077,36188728895.6925,36605373315.5511,37405132925.1132,38130448626.3585,..
"GDP, PPP (current international $)",NY.GDP.MKTP.PP.CD,Tunisia,TUN,29786923933.9049,58045897451.9283,108148240482.921,110825176288.774,112067546633.499,115566766181.939,114133184487.368,117100994887.669,121254603779.669,127517842221.099,131350067001.886,..
"GDP, PPP (current international $)",NY.GDP.MKTP.PP.CD,Turkey,TUR,458849094094.73,609198353319.799,1454111481664.15,1550688774564.19,1703669566593.16,1860471150536.9,2022398639500.58,2116397789644.04,2271499749825.11,2373436679210.81,2347132754780.75,..
"GDP, PPP (current international $)",NY.GDP.MKTP.PP.CD,Turkmenistan,TKM,20028424639.7294,19306511216.2231,58441023273.0774,63516102657.5469,68363227534.6331,73746160882.6569,76192141990.1124,78516288826.5632,81787812382.0508,88974535225.8272,..,..
"GDP, PPP (current international $)",NY.GDP.MKTP.PP.CD,Turks and Caicos Islands,TCA,..,..,708658007.509152,660016719.545391,698811703.388272,779221758.655738,867052547.840007,963419197.315149,1004380845.71015,1086575753.06728,1166655326.87141,..
"GDP, PPP (current international $)",NY.GDP.MKTP.PP.CD,Tuvalu,TUV,13751039.2368726,22813268.4500786,33814047.7894768,33140653.307761,35265651.5148474,36402184.4885492,40144174.5479404,41790651.5672023,44321002.3239311,46535679.3503612,52067608.6375677,..
"GDP, PPP (current international $)",NY.GDP.MKTP.PP.CD,Uganda,UGA,11660933749.4576,26892587282.5875,75314068909.771,69298256480.169,71589850731.5024,76755309090.6037,81022823435.2054,82608682789.5908,85406362066.3514,92878344808.2788,101123516709.133,..
"GDP, PPP (current international $)",NY.GDP.MKTP.PP.CD,Ukraine,UKR,379074118442.553,201959790631.903,407225668253.007,425993673832.469,486364611995.375,461987202639.989,435489659346.44,475721740433.812,504350302211.014,534229292917.309,562213446947.618,..
"GDP, PPP (current international $)",NY.GDP.MKTP.PP.CD,United Arab Emirates,ARE,159487795642.174,308278032488.838,605575063616.23,631707057954.974,647295742436.972,678339276123.81,601179365119.067,598811161712.48,637384703420.793,660680110090.189,684809773101.984,..
"GDP, PPP (current international $)",NY.GDP.MKTP.PP.CD,United Kingdom,GBR,972727057280.763,1555646267389.46,2350795692102,2440476088673.01,2563270947920.74,2665874429446.03,2767877022775.22,2897865678772.82,3035756467405.8,3236006332256.31,3337149094741.6,..
"GDP, PPP (current international $)",NY.GDP.MKTP.PP.CD,United States,USA,5963144000000,10252345464000,15542581104000,16197007349000,16784849196000,17527163695000,18224704440000,18714960538000,19519353692000.1,20580159776000.1,21433226000000.1,..
"GDP, PPP (current international $)",NY.GDP.MKTP.PP.CD,Uruguay,URY,19870440034.8795,34044207077.545,60650417082.3462,61471427258.3178,64840118781.7406,68327142924.3494,68982579037.9031,70776165923.836,73285946717.2745,76287409889.0521,77941611168.2002,..
"GDP, PPP (current international $)",NY.GDP.MKTP.PP.CD,Uzbekistan,UZB,51141482291.5297,61468294111.3157,161046283360.089,170096487200.532,179717093651.84,189421371087.108,198533609450.654,205512203670.114,211134957472.626,228057682444.004,245421341368.981,..
"GDP, PPP (current international $)",NY.GDP.MKTP.PP.CD,Vanuatu,VUT,250062925.66829,415703510.43275,705126498.576747,731260266.273571,758745551.543417,790588592.544866,800123284.766064,836431478.145331,889833369.232749,937945608.017118,987374699.192589,..
"GDP, PPP (current international $)",NY.GDP.MKTP.PP.CD,"Venezuela, RB",VEN,188492410973.058,284236828722.432,506339379526.118,..,..,..,..,..,..,..,..,..
"GDP, PPP (current international $)",NY.GDP.MKTP.PP.CD,Vietnam,VNM,62391627533.4812,158806178344.338,401987730083.875,452824522357.476,486338303051.953,526914892839.942,565574577528.968,615496353815.732,676909526449.601,742462506774.63,809994333862.167,..
"GDP, PPP (current international $)",NY.GDP.MKTP.PP.CD,Virgin Islands (U.S.),VIR,..,..,..,..,..,..,..,..,..,..,..,..
"GDP, PPP (current international $)",NY.GDP.MKTP.PP.CD,West Bank and Gaza,PSE,..,8139146304.58648,17452978799.9046,20918175413.8462,21898799774.892,22995977751.4845,25425839150.9811,27536200878.2475,28518507331.4937,29571687508.9168,30432042950.9903,..
"GDP, PPP (current international $)",NY.GDP.MKTP.PP.CD,"Yemen, Rep.",YEM,24223711573.1773,51538362593.7841,85876118856.2345,85440864870.4384,92755610680.3175,..,..,..,..,..,..,..
"GDP, PPP (current international $)",NY.GDP.MKTP.PP.CD,Zambia,ZMB,11860115565.5457,17133388741.9357,46612238752.7651,49508703940.2704,53419843089.1537,54506587744.5274,54472595406.4745,55712209199.1273,58735190955.7239,62593304576.3125,64728818156.9951,..
"GDP, PPP (current international $)",NY.GDP.MKTP.PP.CD,Zimbabwe,ZWE,18504395059.7489,27001848459.1919,27101598206.3102,31160636694.1975,34187291083.3824,35494681434.6169,37016438435.2528,39375709106.0007,43112365756.2447,46295492450.5491,43371768896.5251,..
"GDP, PPP (current international $)",NY.GDP.MKTP.PP.CD,Arab World,ARB,1525604789666.44,2835781274182.79,5633656112213.7,6148446685651.47,6268949676101.38,6291786142875.75,5789386034556.21,5666778415336.23,5998209490392.05,6290694591097.1,6527733885350.25,..
"GDP, PPP (current international $)",NY.GDP.MKTP.PP.CD,Caribbean small states,CSS,36940565517.0214,61926502371.8804,106370491734.355,106867207088.335,109379622840.217,110938899262.169,109279066771.251,109372667064.168,114203773750.083,118961720005.937,122499247123.795,..
"GDP, PPP (current international $)",NY.GDP.MKTP.PP.CD,Central Europe and the Baltics,CEB,785936022754.695,1086160043598.57,2310725567642.38,2386643588985.74,2484363072397.93,2584291857677.77,2697298394227.6,2869220514896.95,3079633950838.69,3375028653331.98,3597157069043.82,..
"GDP, PPP (current international $)",NY.GDP.MKTP.PP.CD,Early-demographic dividend,EAR,5921170189173.37,10241493422460.5,21670761117130.9,23096178489952.1,24156135941045.6,25177788400606.4,25832074566836,27099263013752.3,28817746139635.6,30661735839276,32040265356352.2,..
"GDP, PPP (current international $)",NY.GDP.MKTP.PP.CD,East Asia & Pacific,EAS,5856022768548.09,11741716259240.7,28039139850983,30121713347684.8,31919696136205.1,33322279886804.9,34501320741439.3,35872323352206.9,37831882768274.3,40817197435059.7,43329947747931.5,..
"GDP, PPP (current international $)",NY.GDP.MKTP.PP.CD,East Asia & Pacific (excluding high income),EAP,2322041499125.17,5984326331644.7,18909943739441.4,20652729831202.2,22005009545377.3,23198715833603.5,24038424618182.4,25279871875809.4,26857568603796,29268362342231.5,31519814779166,..
"GDP, PPP (current international $)",NY.GDP.MKTP.PP.CD,East Asia & Pacific (IDA & IBRD countries),TEA,2317671636652.64,5973064395512.25,18873998760642.1,20613460248511.9,21963166335055.8,23154634103824.1,23992763415642.8,25231838551657.4,26806502890342.1,29212704885899.5,31459833180717.1,..
"GDP, PPP (current international $)",NY.GDP.MKTP.PP.CD,Euro area,EMU,5283351984460.15,8137299900600.31,12557362923138.8,12708395059574.1,13149769642826.5,13522018741551,13931093584365.9,14826444303250.6,15606379195392.6,16768237107390.1,17364938804178.2,..
"GDP, PPP (current international $)",NY.GDP.MKTP.PP.CD,Europe & Central Asia,ECS,9940929566601.55,13717780098153.4,24638514808301.6,25415816464776.7,26702973142677.6,27502913225635.2,28012706791267.7,29446807733321.8,31172795663303.1,33660022606262.1,34831234828802.8,..
"GDP, PPP (current international $)",NY.GDP.MKTP.PP.CD,Europe & Central Asia (excluding high income),ECA,2544942847983.31,2287681597520.59,6416895246864.73,6841760548610.08,7424492455367.89,7629778569968.87,7500851716769.43,7706210240089.98,8241673667200.96,8982585825621.59,9215139569985.26,..
"GDP, PPP (current international $)",NY.GDP.MKTP.PP.CD,Europe & Central Asia (IDA & IBRD countries),TEC,2941766802897.53,2874773118282.42,7735413185902.07,8214423721108.53,8847223560959.76,9102922562152.37,9046082008938.78,9363646439875.5,10031276086251.3,10943263464254.3,11323148730586.4,..
"GDP, PPP (current international $)",NY.GDP.MKTP.PP.CD,European Union,EUU,6219868979905.43,9480517024110.96,15193626552820.5,15420478145751,15966403096517.9,16444964728688.1,16988984916915.5,18080065410820.8,19094060371754.3,20572431324256.9,21406737981513.3,..
"GDP, PPP (current international $)",NY.GDP.MKTP.PP.CD,Fragile and conflict affected situations,FCS,769990979983.896,1387237170224.34,2914805173878.49,3211395288182.62,3399527051132.36,3525336729883.43,3444186112060.28,3446699810255.28,3641192022112.17,3819196490029.73,3976665871563.06,..
"GDP, PPP (current international $)",NY.GDP.MKTP.PP.CD,Heavily indebted poor countries (HIPC),HPC,358312766016.077,565695517119.868,1255356654492.45,1322328294805.14,1448280951040.96,1579230506105.55,1697698901828.6,1769585055991.58,1881690663511.14,2008625305655.69,2135003091916.01,..
"GDP, PPP (current international $)",NY.GDP.MKTP.PP.CD,High income,HIC,18529179213485.7,30271238203777.1,48187980159087.9,49810104388631.5,51732744588308.2,53427564836860.6,54664251597441.9,56564141303491.1,59296725490482.3,62986921769542.7,65241893760725.6,..
"GDP, PPP (current international $)",NY.GDP.MKTP.PP.CD,IBRD only,IBD,10143964695135.7,17672462463718.2,44646032531681.2,47866797465780.9,50608329738605.8,52619478255504,53549506652653.3,55976958634687.7,59449073260401.3,64010646520187.1,67677404367304.5,..
"GDP, PPP (current international $)",NY.GDP.MKTP.PP.CD,IDA & IBRD total,IBT,11237319932755.4,19443317693662.6,48727079464472.4,52167210609426.1,55247288970322.1,57614243834290.5,58809933188345.9,61438316103824.4,65236632987165.4,70226912198413.9,74260110104302.9,..
"GDP, PPP (current international $)",NY.GDP.MKTP.PP.CD,IDA blend,IDB,550724003592.528,860243534217.26,1949603572363.3,2032339488428.79,2162107877459.38,2317256119816.25,2405784268284.81,2454426339800.72,2569811888378.54,2738733430464.82,2852850115825.81,..
"GDP, PPP (current international $)",NY.GDP.MKTP.PP.CD,IDA only,IDX,556144509859.792,930357836306.09,2165721108709.29,2304334643865.76,2521172478153.44,2734658201693.82,2927544709633.54,3087065114149.8,3306544837700.21,3575252836999.03,3840580119922.38,..
"GDP, PPP (current international $)",NY.GDP.MKTP.PP.CD,IDA total,IDA,1113466869391.33,1797363752717.57,4128370863176.56,4348443198144.04,4693068755504.84,5060531339951.09,5337189069896.92,5539422573768.4,5869738827736.25,6303858339812.51,6675903442882.94,..
"GDP, PPP (current international $)",NY.GDP.MKTP.PP.CD,Late-demographic dividend,LTE,5298510742234.07,9751156096443.58,27687343140817,29734246854887.6,31568552906779,32853201259257.9,33112052637401.3,34350587687079.4,36478322788402,39633219155257.5,42195972149005.2,..
"GDP, PPP (current international $)",NY.GDP.MKTP.PP.CD,Latin America & Caribbean,LCN,2771591898617.42,4580700731577.72,8535235648866.14,8803820408132.38,9196114454709.86,9491977720067.73,9460204380215.54,9716052040754.59,10224097362139.7,10635285322654.4,11033523272768.2,..
"GDP, PPP (current international $)",NY.GDP.MKTP.PP.CD,Latin America & Caribbean (excluding high income),LAC,2605581590718.49,4239348909766.53,7859467868335.96,8094352931003.38,8451522185044.25,8722749743134,8677817866310.91,8901330994078.54,9367528273520.15,9743006282318.01,10091670393901.7,..
"GDP, PPP (current international $)",NY.GDP.MKTP.PP.CD,Latin America & the Caribbean (IDA & IBRD countries),TLA,2670641157889.06,4405743265485.7,8266379640270.92,8530220724625.13,8916008812980.92,9207037584206.91,9176006020815.05,9428655852249.77,9931343936461.18,10338513452006.5,10726710478446.7,..
"GDP, PPP (current international $)",NY.GDP.MKTP.PP.CD,Least developed countries: UN classification,LDC,455985698727.946,777204758397.969,1895777699836.87,2020003323738.92,2175250534970.83,2364020155360.5,2486107189670.97,2618610640343.04,2809208570517.77,3022063360687.87,3235028030445.66,..
"GDP, PPP (current international $)",NY.GDP.MKTP.PP.CD,Low & middle income,LMY,10791730929980.8,18702496206076.6,47078386524757.4,50450680028201.2,53460152221129.3,55763176131599,56879862515391.9,59374398669570.8,63012550863572.9,67814072905539.6,71671983309050,..
"GDP, PPP (current international $)",NY.GDP.MKTP.PP.CD,Low income,LIC,296964415233.22,455414768565.031,1038583626130.94,1058987103718.71,1137104733821.7,1252299386701.8,1338901513925.19,1393614467408.16,1473886061080.42,1569569249588.25,1669225015989.33,..
"GDP, PPP (current international $)",NY.GDP.MKTP.PP.CD,Lower middle income,LMC,3083579531506.21,5219246990527.95,12219182791124.5,13280992497724.1,14093986283950.4,14759060093463.9,15445388989237.6,16351009493682.9,17368632693477.6,18750038196679,19897825880135.4,..
"GDP, PPP (current international $)",NY.GDP.MKTP.PP.CD,Middle East & North Africa,MEA,1971481668922.28,3602512537588.48,7055443900339.74,7435166326196.94,7534944360700.97,7552111251377.11,6937976599712.75,6913485236208.5,7317536500649.18,7592031687350.56,7790389210880.3,..
"GDP, PPP (current international $)",NY.GDP.MKTP.PP.CD,Middle East & North Africa (excluding high income),MNA,1084952590207.95,2035890814170.89,3899552102826.52,4076414519896.61,4111887297528.9,4069357170488.06,3889470579263.99,3933665540669.14,4116452375229.9,4232691096830.86,4332138595708.34,..
"GDP, PPP (current international $)",NY.GDP.MKTP.PP.CD,Middle East & North Africa (IDA & IBRD countries),TMN,1081103614893,2028008406355.09,3882504168698.65,4055795331664.74,4090252920794.84,4046528948977.14,3863960515240.75,3905914902839.03,4087730558588.84,4202892768423.76,4301462837948.13,..
"GDP, PPP (current international $)",NY.GDP.MKTP.PP.CD,Middle income,MIC,10517386621355.2,18270132287938.7,46074197416706.6,49417792449218.7,52353682358247.4,54561507828789.7,55609960968856.8,58051639993348.4,61612366137169.6,66318964338794.4,70084472280561.6,..
"GDP, PPP (current international $)",NY.GDP.MKTP.PP.CD,North America,NAC,6523199345257.38,11153709001818,16974567474511,17669476183508.9,18343458824779.9,19153039151341.8,19824245009600.4,20397982379934.5,21296580239571.2,22473191017206.5,23380882090125.4,..
"GDP, PPP (current international $)",NY.GDP.MKTP.PP.CD,Not classified,INX,..,..,..,..,..,..,..,..,..,..,..,..
"GDP, PPP (current international $)",NY.GDP.MKTP.PP.CD,OECD members,OED,18305186687758.6,29502151740783.5,46436906576427.5,47994868675468.3,50006642426869,51839847585459.5,53666146546666.5,55826885008177.8,58445901379947.5,62053830258714.5,64208359360747.6,..
"GDP, PPP (current international $)",NY.GDP.MKTP.PP.CD,Other small states,OSS,..,233403245267.428,644831578636.277,689264304036.792,711642259253.699,721096690833.857,628647827994.477,626273140562.945,684204253051.914,719827728463.399,749343286936.266,..
"GDP, PPP (current international $)",NY.GDP.MKTP.PP.CD,Pacific island small states,PSS,4854131341.76271,7563210342.39632,11768030648.5137,12374097246.5015,13165774060.7587,14911929075.8933,16061603964.3171,16624872907.4091,17659725170.9789,18656922812.895,19063166365.0954,..
"GDP, PPP (current international $)",NY.GDP.MKTP.PP.CD,Post-demographic dividend,PST,17279012889182.4,27411121317857.6,42388250017590.8,43709650231179.7,45500067913411.7,46971853866959.7,48400289186892.8,50244493474950.4,52557060271423.3,55816668295159.1,57739962377837.1,..
"GDP, PPP (current international $)",NY.GDP.MKTP.PP.CD,Pre-demographic dividend,PRE,586874583692.686,1043835194034.95,2449775398934.36,2607862228465.64,2796594493160.7,2958287203984.38,2934481357774.82,2964554892514.46,3138278441285.53,3287834034837.22,3456021919119.77,..
"GDP, PPP (current international $)",NY.GDP.MKTP.PP.CD,Small states,SST,..,302944771672.33,762901187396.724,808411054017.625,834088348013.379,846844569700.494,753877118760.862,752158156570.876,815952833083.806,857327006207.975,890790641502.792,..
"GDP, PPP (current international $)",NY.GDP.MKTP.PP.CD,South Asia,SAS,1408873335368.07,2889330369458.66,7041048652490.2,7689460907235.67,8106090749353.16,8515195314179.05,8987342548434.97,9656749689497.87,10343182994577.2,11241519909057.8,11932470853120.6,..
"GDP, PPP (current international $)",NY.GDP.MKTP.PP.CD,South Asia (IDA & IBRD),TSA,1408873335368.07,2889330369458.66,7041048652490.2,7689460907235.67,8106090749353.16,8515195314179.06,8987342548434.97,9656749689497.87,10343182994577.2,11241519909057.8,11932470853120.6,..
"GDP, PPP (current international $)",NY.GDP.MKTP.PP.CD,Sub-Saharan Africa,SSF,864413861017.106,1306894475809.85,2958164949402.73,3072104193804.1,3317123216916.45,3560374584913.36,3684524355132.73,3770809702860.41,3941648982743.18,4150544847223.76,4346789880876.62,..
"GDP, PPP (current international $)",NY.GDP.MKTP.PP.CD,Sub-Saharan Africa (excluding high income),SSA,858571541332.728,1295006080464.16,2935396838183.89,3048902598123.6,3292632522363.37,3534891543176.34,3658008065133.32,3742225708030.42,3911960328940.71,4118987848810.75,4313584221451.11,..
"GDP, PPP (current international $)",NY.GDP.MKTP.PP.CD,Sub-Saharan Africa (IDA & IBRD countries),TSS,864413861017.107,1306894475809.85,2958164949402.73,3072104193804.1,3317123216916.45,3560374584913.36,3684524355132.73,3770809702860.41,3941648982743.18,4150544847223.76,4346789880876.62,..
"GDP, PPP (current international $)",NY.GDP.MKTP.PP.CD,Upper middle income,UMC,7429422529416.47,13044467307508.6,33842569101738.5,36120076623097.4,38241517056122.9,39782120483301.2,40135985560779,41666344755921.8,44207057534524.7,47528381593011.5,50142013690463,..
"GDP, PPP (current international $)",NY.GDP.MKTP.PP.CD,World,WLD,29311309014118.1,48950523801872.8,95152579752052.1,100125743762783,105042291073368,109029364109083,111380843785763,115764057307705,122118129065971,130588565748080,136677752667282,..
,,,,,,,,,,,,,,,
,,,,,,,,,,,,,,,
,,,,,,,,,,,,,,,
Data from database: World Development Indicators,,,,,,,,,,,,,,,
Last Updated: 04/26/2021,,,,,,,,,,,,,,,
